dataset,n_samples,n_features,n_binary,n_categorical,n_continuous,n_binary_curated,n_categorical_curated,n_continuous_curated,srbench_parse_max_rel_diff,drift_vs_types_ref,feature_names,sha256,size_bytes,pmlb_commit,source_url,feature_types_ref
1027_ESL,488,4,0,0,4,0,4,0,0,none,in1;in2;in3;in4,cb678bbf79f2daf10d64ecbafab7019ead486dad2e925ba4bdab445a4886fc79,1489,8eec4f9d1578c7ff1cbfa3efd8338a301adebe52,https://github.com/EpistasisLab/pmlb/raw/8eec4f9d1578c7ff1cbfa3efd8338a301adebe52/datasets/1027_ESL/1027_ESL.tsv.gz,7c1f4bdc00136dc2e55c87fa6b8ba6e8af6d1a68
1029_LEV,1000,4,0,0,4,0,4,0,0,none,In1;In2;In3;In4,3964b6b6cff54dc436705f70389b6adb12f28c2af43cba666498fda2daf2a1eb,2490,8eec4f9d1578c7ff1cbfa3efd8338a301adebe52,https://github.com/EpistasisLab/pmlb/raw/8eec4f9d1578c7ff1cbfa3efd8338a301adebe52/datasets/1029_LEV/1029_LEV.tsv.gz,7c1f4bdc00136dc2e55c87fa6b8ba6e8af6d1a68
1030_ERA,1000,4,0,0,4,0,0,4,0,none,in1;in2;in3;in4,cc5b7c9f04e56da7063b1162ec057f6e777634b73d4cd0e3a4b253ba330bce91,2589,8eec4f9d1578c7ff1cbfa3efd8338a301adebe52,https://github.com/EpistasisLab/pmlb/raw/8eec4f9d1578c7ff1cbfa3efd8338a301adebe52/datasets/1030_ERA/1030_ERA.tsv.gz,7c1f4bdc00136dc2e55c87fa6b8ba6e8af6d1a68
1096_FacultySalaries,50,4,0,0,4,1,0,3,1.71e-16,none,CIC.institutions;average.salary;full.prof.salary;assoc.prof.salary,47478e3af60f8a6cc09dcfba8495af699c8187edc279a0e226e4e63b410d64b7,955,8eec4f9d1578c7ff1cbfa3efd8338a301adebe52,https://github.com/EpistasisLab/pmlb/raw/8eec4f9d1578c7ff1cbfa3efd8338a301adebe52/datasets/1096_FacultySalaries/1096_FacultySalaries.tsv.gz,7c1f4bdc00136dc2e55c87fa6b8ba6e8af6d1a68
192_vineyard,52,2,0,0,2,0,0,2,0,none,lugs_1989;lugs_1990,55dbc985067fc77003b9eeabd829198669ae84868f6e8c3cf35031bf846571a4,273,8eec4f9d1578c7ff1cbfa3efd8338a301adebe52,https://github.com/EpistasisLab/pmlb/raw/8eec4f9d1578c7ff1cbfa3efd8338a301adebe52/datasets/192_vineyard/192_vineyard.tsv.gz,7c1f4bdc00136dc2e55c87fa6b8ba6e8af6d1a68
210_cloud,108,5,1,1,3,1,1,3,8.15e-15,none,seeded;season;NC;SC;NWC,030e8ed8bc25b858a391eb1f9eb275c144de9bbe08ce0e5150c068903d8f8246,2024,8eec4f9d1578c7ff1cbfa3efd8338a301adebe52,https://github.com/EpistasisLab/pmlb/raw/8eec4f9d1578c7ff1cbfa3efd8338a301adebe52/datasets/210_cloud/210_cloud.tsv.gz,7c1f4bdc00136dc2e55c87fa6b8ba6e8af6d1a68
228_elusage,55,2,0,0,2,0,0,2,1.71e-16,none,average_temperature;month,3928945d6aa3bf9ed029c35c270e8791cfd127d1641dc7e0b655ff069b8af480,647,8eec4f9d1578c7ff1cbfa3efd8338a301adebe52,https://github.com/EpistasisLab/pmlb/raw/8eec4f9d1578c7ff1cbfa3efd8338a301adebe52/datasets/228_elusage/228_elusage.tsv.gz,7c1f4bdc00136dc2e55c87fa6b8ba6e8af6d1a68
485_analcatdata_vehicle,48,4,0,0,4,3,1,0,0,none,Alcohol-related;Gender;Type;Age,9693036bcd74262526987481e5d29de8ff903a89d61dc9f1a7efef4d4c323a7a,338,8eec4f9d1578c7ff1cbfa3efd8338a301adebe52,https://github.com/EpistasisLab/pmlb/raw/8eec4f9d1578c7ff1cbfa3efd8338a301adebe52/datasets/485_analcatdata_vehicle/485_analcatdata_vehicle.tsv.gz,7c1f4bdc00136dc2e55c87fa6b8ba6e8af6d1a68
519_vinnie,380,2,0,0,2,0,1,1,0,format-only,year;field_goal_attempts,169d0f9b431d5620ad17a9733ffcce28696fc0b4b31e661c8339d9f3c6bf4caa,953,8eec4f9d1578c7ff1cbfa3efd8338a301adebe52,https://github.com/EpistasisLab/pmlb/raw/8eec4f9d1578c7ff1cbfa3efd8338a301adebe52/datasets/519_vinnie/519_vinnie.tsv.gz,7c1f4bdc00136dc2e55c87fa6b8ba6e8af6d1a68
523_analcatdata_neavote,100,2,0,0,2,0,2,0,0,none,Party;Bills,f5b2d99fd5cedd50730dea186dab5f2cec9ab6afdf3f533b2fe3c56653136182,218,8eec4f9d1578c7ff1cbfa3efd8338a301adebe52,https://github.com/EpistasisLab/pmlb/raw/8eec4f9d1578c7ff1cbfa3efd8338a301adebe52/datasets/523_analcatdata_neavote/523_analcatdata_neavote.tsv.gz,7c1f4bdc00136dc2e55c87fa6b8ba6e8af6d1a68
529_pollen,3848,4,0,0,4,0,0,4,1.18e-13,none,RIDGE;NUB;CRACK;WEIGHT,2e9414f0216e75296ba4211c567dd8a60d269273b38f8e00bd8fea3a37d2e654,134956,8eec4f9d1578c7ff1cbfa3efd8338a301adebe52,https://github.com/EpistasisLab/pmlb/raw/8eec4f9d1578c7ff1cbfa3efd8338a301adebe52/datasets/529_pollen/529_pollen.tsv.gz,7c1f4bdc00136dc2e55c87fa6b8ba6e8af6d1a68
556_analcatdata_apnea2,475,3,0,0,3,0,2,1,0,none,Automatic;Scorer_1;Subject,95cee5abe3479338a52c419567b944199c6c6cef629d1111de7b1d2afe0b2b08,1743,8eec4f9d1578c7ff1cbfa3efd8338a301adebe52,https://github.com/EpistasisLab/pmlb/raw/8eec4f9d1578c7ff1cbfa3efd8338a301adebe52/datasets/556_analcatdata_apnea2/556_analcatdata_apnea2.tsv.gz,7c1f4bdc00136dc2e55c87fa6b8ba6e8af6d1a68
557_analcatdata_apnea1,475,3,0,0,3,0,2,1,0,none,Scorer_1;Scorer_2;Subject,39628a3401b9ebfe2b4da629e0182736917694bf6f793dd4be821343459fca1e,1681,8eec4f9d1578c7ff1cbfa3efd8338a301adebe52,https://github.com/EpistasisLab/pmlb/raw/8eec4f9d1578c7ff1cbfa3efd8338a301adebe52/datasets/557_analcatdata_apnea1/557_analcatdata_apnea1.tsv.gz,7c1f4bdc00136dc2e55c87fa6b8ba6e8af6d1a68
663_rabe_266,120,2,0,0,2,0,1,1,0,none,col_1;col_2,361eae2fa7d1210720623958adc10debe35eadf7c23deace7fa71cd89df604bc,564,8eec4f9d1578c7ff1cbfa3efd8338a301adebe52,https://github.com/EpistasisLab/pmlb/raw/8eec4f9d1578c7ff1cbfa3efd8338a301adebe52/datasets/663_rabe_266/663_rabe_266.tsv.gz,7c1f4bdc00136dc2e55c87fa6b8ba6e8af6d1a68
678_visualizing_environmental,111,3,0,0,3,0,0,3,1.93e-16,none,ozone;radiation;temperature,996db450c025b7586db095411d743fa8632c3e810f60435b6150c3869972c37f,987,8eec4f9d1578c7ff1cbfa3efd8338a301adebe52,https://github.com/EpistasisLab/pmlb/raw/8eec4f9d1578c7ff1cbfa3efd8338a301adebe52/datasets/678_visualizing_environmental/678_visualizing_environmental.tsv.gz,7c1f4bdc00136dc2e55c87fa6b8ba6e8af6d1a68
687_sleuth_ex1605,62,5,0,0,5,0,0,5,0,none,FMED;TMIQ;Age2IQ;Age4IQ;Age8IQ,a5a5d15adf74702c323b62b595cdefcdd157f68ebd86af5e504bc16c9890c2ff,649,8eec4f9d1578c7ff1cbfa3efd8338a301adebe52,https://github.com/EpistasisLab/pmlb/raw/8eec4f9d1578c7ff1cbfa3efd8338a301adebe52/datasets/687_sleuth_ex1605/687_sleuth_ex1605.tsv.gz,7c1f4bdc00136dc2e55c87fa6b8ba6e8af6d1a68
690_visualizing_galaxy,323,4,0,0,4,0,0,4,2.73e-15,none,eastwest;northsouth;angle;radialposition,5fe909e08a622224135a2dcfd409bbe10abab4919f917a07b771c3fb00580852,8764,8eec4f9d1578c7ff1cbfa3efd8338a301adebe52,https://github.com/EpistasisLab/pmlb/raw/8eec4f9d1578c7ff1cbfa3efd8338a301adebe52/datasets/690_visualizing_galaxy/690_visualizing_galaxy.tsv.gz,7c1f4bdc00136dc2e55c87fa6b8ba6e8af6d1a68
712_chscase_geyser1,222,2,0,0,2,0,0,2,1.53e-16,none,col_1;col_2,9231e5c6bb08d6a7fab8509e4a8330063a5e3da77b75ff3b9dc412557ed3e334,1031,8eec4f9d1578c7ff1cbfa3efd8338a301adebe52,https://github.com/EpistasisLab/pmlb/raw/8eec4f9d1578c7ff1cbfa3efd8338a301adebe52/datasets/712_chscase_geyser1/712_chscase_geyser1.tsv.gz,7c1f4bdc00136dc2e55c87fa6b8ba6e8af6d1a68
banana,5300,2,0,0,2,,,,1.45e-13,content,At1;At2,f3ade821f9a0caebdd8b244319e66932c4b453ade027f42f86ed8ea1a50251ba,26310,8eec4f9d1578c7ff1cbfa3efd8338a301adebe52,https://github.com/EpistasisLab/pmlb/raw/8eec4f9d1578c7ff1cbfa3efd8338a301adebe52/datasets/banana/banana.tsv.gz,7c1f4bdc00136dc2e55c87fa6b8ba6e8af6d1a68
titanic,2201,3,0,0,3,,,,0,content,Class;Age;Sex,491d45db3eb8ce30a838207b4f3eca02267c8a603c56358b7ff8babde9c40c0f,2294,8eec4f9d1578c7ff1cbfa3efd8338a301adebe52,https://github.com/EpistasisLab/pmlb/raw/8eec4f9d1578c7ff1cbfa3efd8338a301adebe52/datasets/titanic/titanic.tsv.gz,7c1f4bdc00136dc2e55c87fa6b8ba6e8af6d1a68
